<?xml version="1.0" encoding="utf-8"?>
<hibernate-configuration>
  <session-factory>
    <property name="hibernate.connection.driver_class">com.mysql.cj.jdbc.Driver</property>
    <property name="hibernate.connection.url">jdbc:mysql://localhost:3306/der_app</property>
    <property name="hibernate.connection.username">root</property>
    <property name="hibernate.connection.password">root</property>
    <property name="hibernate.dialect">org.hibernate.dialect.MySQL8Dialect</property>
    <property name="hibernate.hbm2ddl.auto">update</property>
    <property name="show_sql">false</property>
    <property name="format_sql">false</property>
    <property name="hibernate.highlight_sql">false</property>
    <property name="hibernate.generate_statistics">false</property>

    <mapping class="com.example.app.entity.Aluno"/>
    <mapping class="com.example.app.entity.Curso"/>
    <mapping class="com.example.app.entity.Matricula"/>
  </session-factory>
</hibernate-configuration>
